PL011,96
PL011,93
PL011,95
PL011,91
PL011,89
PL011,97
PL011,99
PL011,90
PL011,88
PL011,94
PL011,87
PL011,99
PL011,95
PL011,97
PL011,99
PL011,90
PL011,88
PL011,94
PL011,87
PL011,99
PL011,95
PL011,96
PL011,93
PL011,95
PL011,91
PL011,96
PL011,93
PL011,95
PL011,91
PL011,89
PL011,97
PL011,99
PL011,90
PL011,88
PL011,94
PL011,87
PL011,99
PL011,95
PL011,97
PL011,99
PL011,90
PL011,88
PL011,94
PL011,87
PL011,99
PL011,95
PL011,96
PL011,93
PL011,95
PL011,91
PL011,96
PL011,93
PL011,95
PL011,91
PL011,89
PL011,97
PL011,99
PL011,90
PL011,88
PL011,94
PL011,87
PL011,99
PL011,95
PL011,97
PL011,99
PL011,90
PL011,88
PL011,94
PL011,87
PL011,99
PL011,95
PL011,96
PL011,93
PL011,95
PL011,91
PL011,96
PL011,93
PL011,95
PL011,91
PL011,89
PL011,97
PL011,99
PL011,90
PL011,88
PL011,94
PL011,87
PL011,99
PL011,95
PL011,97
PL011,99
PL011,90
PL011,88
PL011,94
PL011,87
PL011,99
PL011,95
PL011,96
PL011,93
PL011,95
PL011,91
PL011,96
PL011,93
PL011,95
PL011,91
PL011,89
PL011,97
PL011,99
PL011,90
PL011,88
PL011,94
PL011,87
PL011,99
PL011,95
PL011,97
PL011,99
PL011,90
PL011,88
PL011,94
PL011,87
PL011,99
PL011,95
PL011,96
PL011,93
PL011,95
PL011,91
PL011,96
PL011,93
PL011,95
PL011,91
PL011,89
PL011,97
PL011,99
PL011,90
PL011,88
PL011,94
PL011,87
PL011,99
PL011,95
PL011,97
PL011,99
PL011,90
PL011,88
PL011,94
PL011,87
PL011,99
PL011,95
PL011,96
PL011,93
PL011,95
PL011,91
PL011,96
PL011,93
PL011,95
PL011,91
PL011,89
PL011,97
PL011,99
PL011,90
PL011,88
PL011,94
PL011,87
PL011,99
PL011,95
PL011,97
PL011,99
PL011,90
PL011,88
PL011,94
PL011,87
PL011,99
PL011,95
PL011,96
PL011,93
PL011,95
PL011,91
PL011,96
PL011,93
PL011,95
PL011,91
PL011,89
PL011,97
PL011,99
PL011,90
PL011,88
PL011,94
PL011,87
PL011,99
PL011,95
PL011,97
PL011,99
PL011,90
PL011,88
PL011,94
PL011,87
PL011,99
PL011,95
PL011,96
PL011,93
PL011,95
PL011,91
PL011,96
PL011,93
PL011,95
PL011,91
PL011,89
PL011,97
PL011,99
PL011,90
PL011,88
PL011,94
PL011,87
PL011,99
PL011,95
PL011,97
PL011,99
PL011,90
PL011,88
PL011,94
PL011,87
PL011,99
PL011,95
PL011,96
PL011,93
PL011,95
PL011,91
PL011,96
PL011,93
PL011,95
PL011,91
PL011,89
PL011,97
PL011,99
PL011,90
PL011,88
PL011,94
PL011,87
PL011,99
PL011,95
PL011,97
PL011,99
PL011,90
PL011,88
PL011,94
PL011,87
PL011,99
PL011,95
PL011,96
PL011,93
PL011,95
PL011,91
PL011,96
PL011,93
PL011,95
PL011,91
PL011,89
PL011,97
PL011,99
PL011,90
PL011,88
PL011,94
PL011,87
PL011,99
PL011,95
PL011,97
PL011,99
PL011,90
PL011,88
PL011,94
PL011,87
PL011,99
PL011,95
PL011,96
PL011,93
PL011,95
PL011,91
PL011,96
PL011,93
PL011,95
PL011,91
PL011,89
PL011,97
PL011,99
PL011,90
PL011,88
PL011,94
PL011,87
PL011,99
PL011,95
PL011,97
PL011,99
PL011,90
PL011,88
PL011,94
PL011,87
PL011,99
PL011,95
PL011,96
PL011,93
PL011,95
PL011,91
PL012,89
PL012,97
PL012,99
PL012,90
PL012,88
PL012,94
PL012,87
PL012,99
PL012,95
PL012,97
PL012,99
PL012,90
PL012,88
PL012,94
PL012,87
PL012,99
PL012,95
PL012,89
PL012,97
PL012,99
PL012,90
PL012,88
PL012,94
PL012,87
PL012,99
PL012,95
PL012,97
PL012,99
PL012,90
PL012,88
PL012,94
PL012,87
PL012,99
PL012,95
PL012,89
PL012,97
PL012,99
PL012,90
PL012,88
PL012,94
PL012,87
PL012,99
PL012,95
PL012,97
PL012,99
PL012,90
PL012,88
PL012,94
PL012,87
PL012,99
PL012,95
PL012,89
PL012,97
PL012,99
PL012,90
PL012,88
PL012,94
PL012,87
PL012,99
PL012,95
PL012,97
PL012,99
PL012,90
PL012,88
PL012,94
PL012,87
PL012,99
PL012,95
PL012,89
PL012,97
PL012,99
PL012,90
PL012,88
PL012,94
PL012,87
PL012,99
PL012,95
PL012,97
PL012,99
PL012,90
PL012,88
PL012,94
PL012,87
PL012,99
PL012,95
PL012,89
PL012,97
PL012,99
PL012,90
PL012,88
PL012,94
PL012,87
PL012,99
PL012,95
PL012,97
PL012,99
PL012,90
PL012,88
PL012,94
PL012,87
PL012,99
PL012,95
PL012,89
PL012,97
PL012,99
PL012,90
PL012,88
PL012,94
PL012,87
PL012,99
PL012,95
PL012,97
PL012,99
PL012,90
PL012,88
PL012,94
PL012,87
PL012,99
PL012,95
PL012,89
PL012,97
PL012,99
PL012,90
PL012,88
PL012,94
PL012,87
PL012,99
PL012,95
PL012,97
PL012,99
PL012,90
PL012,88
PL012,94
PL012,87
PL012,99
PL012,95
PL012,89
PL012,97
PL012,99
PL012,90
PL012,88
PL012,94
PL012,87
PL012,99
PL012,95
PL012,97
PL012,99
PL012,90
PL012,88
PL012,94
PL012,87
PL012,99
PL012,95
PL012,89
PL012,97
PL012,99
PL012,90
PL012,88
PL012,94
PL012,87
PL012,99
PL012,95
PL012,97
PL012,99
PL012,90
PL012,88
PL012,94
PL012,87
PL012,99
PL012,95
PL012,89
PL012,97
PL012,99
PL012,90
PL012,88
PL012,94
PL012,87
PL012,99
PL012,95
PL012,97
PL012,99
PL012,90
PL012,88
PL012,94
PL012,87
PL012,99
PL012,95
PL012,89
PL012,97
PL012,99
PL012,90
PL012,88
PL012,94
PL012,87
PL012,99
PL012,95
PL012,97
PL012,99
PL012,90
PL012,88
PL013,87
PL013,99
PL013,95
PL013,96
PL013,93
PL013,95
PL013,91
PL013,89
PL013,97
PL013,99
PL013,90
PL013,88
PL013,94
PL013,87
PL013,99
PL013,95
PL013,97
PL013,99
PL013,90
PL013,88
PL013,94
PL013,87
PL013,99
PL013,95
PL013,88
PL013,87
PL013,99
PL013,95
PL013,96
PL013,93
PL013,95
PL013,91
PL013,89
PL013,97
PL013,99
PL013,90
PL013,88
PL013,94
PL013,87
PL013,99
PL013,95
PL013,97
PL013,99
PL013,90
PL013,88
PL013,94
PL013,87
PL013,99
PL013,95
PL013,88
PL013,87
PL013,99
PL013,95
PL013,96
PL013,93
PL013,95
PL013,91
PL013,89
PL013,97
PL013,99
PL013,90
PL013,88
PL013,94
PL013,87
PL013,99
PL013,95
PL013,97
PL013,99
PL013,90
PL013,88
PL013,94
PL013,87
PL013,99
PL013,95
PL013,88
PL013,87
PL013,99
PL013,95
PL013,96
PL013,93
PL013,95
PL013,91
PL013,89
PL013,97
PL013,99
PL013,90
PL013,88
PL013,94
PL013,87
PL013,99
PL013,95
PL013,97
PL013,99
PL013,90
PL013,88
PL013,94
PL013,87
PL013,99
PL013,95
PL013,88
PL013,87
PL013,99
PL013,95
PL013,96
PL013,93
PL013,95
PL013,91
PL013,89
PL013,97
PL013,99
PL013,90
PL013,88
PL013,94
PL013,87
PL013,99
PL013,95
PL013,97
PL013,99
PL013,90
PL013,88
PL013,94
PL013,87
PL013,99
PL013,95
PL013,88
PL013,87
PL013,99
PL013,95
PL013,96
PL013,93
PL013,95
PL013,91
PL013,89
PL013,97
PL013,99
PL013,90
PL013,88
PL013,94
PL013,87
PL013,99
PL013,95
PL013,97
PL013,99
PL013,90
PL013,88
PL013,94
PL013,87
PL013,99
PL013,95
PL013,88
PL013,87
PL013,99
PL013,95
PL013,96
PL013,93
PL013,95
PL013,91
PL013,89
PL013,97
PL013,99
PL013,90
PL013,88
PL013,94
PL013,87
PL013,99
PL013,95
PL013,97
PL013,99
PL013,90
PL013,88
PL013,94
PL013,87
PL013,99
PL013,95
PL013,88
PL013,87
PL013,99
PL013,95
PL013,96
PL013,93
PL013,95
PL013,91
PL013,89
PL013,97
PL013,99
PL013,90
PL013,88
PL013,94
PL013,87
PL013,99
PL013,95
PL013,97
PL013,99
PL013,90
PL013,88
PL013,94
PL013,87
PL013,99
PL013,95
PL013,88
PL013,87
PL013,99
PL013,95
PL013,96
PL013,93
PL013,95
PL013,91
PL013,89
PL013,97
PL013,99
PL013,90
PL013,88
PL013,94
PL013,87
PL013,99
PL013,95
PL013,97
PL013,99
PL013,90
PL013,88
PL013,94
PL013,87
PL013,99
PL013,95
PL013,88
PL013,87
PL013,99
PL013,95
PL013,96
PL013,93
PL013,95
PL013,91
PL013,89
PL013,97
PL013,99
PL013,90
PL013,88
PL013,94
PL013,87
PL013,99
PL013,95
PL013,97
PL013,99
PL013,90
PL013,88
PL013,94
PL013,87
PL013,99
PL013,95
PL013,88
PL013,87
PL013,99
PL013,95
PL013,96
PL013,93
PL013,95
PL013,91
PL013,89
PL013,97
PL013,99
PL013,90
PL013,88
PL013,94
PL013,87
PL013,99
PL013,95
PL013,97
PL013,99
PL013,90
PL013,88
PL013,94
PL013,87
PL013,99
PL013,95
PL013,88
PL013,87
PL013,99
PL013,95
PL013,96
PL013,93
PL013,95
PL013,91
PL013,89
PL013,97
PL013,99
PL013,90
PL013,88
PL013,94
PL013,87
PL013,99
PL013,95
PL013,97
PL013,99
PL013,90
PL013,88
PL013,94
PL013,87
PL013,99
PL013,95
PL013,88
PL013,87
PL013,99
PL013,95
PL013,96
PL013,93
PL013,95
PL013,91
PL013,89
PL013,97
PL013,99
PL013,90
PL013,88
PL013,94
PL013,87
PL013,99
PL013,95
PL013,97
PL013,99
PL013,90
PL013,88
PL013,94
PL013,87
PL013,99
PL013,95
PL013,88
PL013,87
PL013,99
PL013,95
PL013,96
PL013,93
PL013,95
PL013,91
PL013,89
PL013,97
PL013,99
PL013,90
PL013,88
PL013,94
PL013,87
PL013,99
PL013,95
PL013,97
PL013,99
PL013,90
PL013,88
PL013,94
PL013,87
PL013,99
PL013,95
PL013,88
PL013,87
PL013,99
PL013,95
PL013,96
PL013,93
PL013,95
PL013,91
PL013,89
PL013,97
PL013,99
PL013,90
PL013,88
PL013,94
PL013,87
PL013,99
PL013,95
PL013,97
PL013,99
PL013,90
PL013,88
PL013,94
PL013,87
PL013,99
PL013,95
PL013,88
PL013,87
PL013,99
PL013,95
PL013,96
PL013,93
PL013,95
PL013,91
PL013,89
PL013,97
PL013,99
PL013,90
PL013,88
PL013,94
PL013,87
PL013,99
PL013,95
PL013,97
PL013,99
PL013,90
PL013,88
PL013,94
PL013,87
PL013,99
PL013,95
PL013,88
PL013,87
PL013,99
PL013,95
PL013,96
PL013,93
PL013,95
PL013,91
PL013,89
PL013,97
PL013,99
PL013,90
PL013,88
PL013,94
PL013,87
PL013,99
PL013,95
PL013,97
PL013,99
PL013,90
PL013,88
PL013,94
PL013,87
PL013,99
PL013,95
PL013,88
PL013,87
PL013,99
PL013,95
PL013,96
PL013,93
PL013,95
PL013,91
PL013,89
PL013,97
PL013,99
PL013,90
PL013,88
PL013,94
PL013,87
PL013,99
PL013,95
PL013,97
PL013,99
PL013,90
PL013,88
PL013,94
PL013,87
PL013,99
PL013,95
PL013,88
PL013,87
PL013,99
PL013,95
PL013,96
PL013,93
PL013,95
PL013,91
PL013,89
PL013,97
PL013,99
PL013,90
PL013,88
PL013,94
PL013,87
PL013,99
PL013,95
PL013,97
PL013,99
PL013,90
PL013,88
PL013,94
PL013,87
PL013,99
PL013,95
PL013,88
PL013,87
PL013,99
PL013,95
PL013,96
PL013,93
PL013,95
PL013,91
PL013,89
PL013,97
PL013,99
PL013,90
PL013,88
PL013,94
PL013,87
PL013,99
PL013,95
PL013,97
PL013,99
PL013,90
PL013,88
PL013,94
PL013,87
PL013,99
PL013,95
PL013,88
PL013,87
PL013,99
PL013,95
PL013,96
PL013,93
PL013,95
PL013,91
PL013,89
PL013,97
PL013,99
PL013,90
PL013,88
PL013,94
PL013,87
PL013,99
PL013,95
PL013,97
PL013,99
PL013,90
PL013,88
PL013,94
PL013,87
PL013,99
PL013,95
PL013,88
PL013,87
PL013,99
PL013,95
PL013,96
PL013,93
PL013,95
PL013,91
PL013,89
PL013,97
PL013,99
PL013,90
PL013,88
PL013,94
PL013,87
PL013,99
PL013,95
PL013,97
PL013,99
PL013,90
PL013,88
PL013,94
PL013,87
PL013,99
PL013,95
PL013,88
PL013,87
PL013,99
PL013,95
PL013,96
PL013,93
PL013,95
PL013,91
PL013,89
PL013,97
PL013,99
PL013,90
PL013,88
PL013,94
PL013,87
PL013,99
PL013,95
PL013,97
PL013,99
PL013,90
PL013,88
PL013,94
PL013,87
PL013,99
PL013,95
PL013,88
PL013,87
PL013,99
PL013,95
PL013,96
PL013,93
PL013,95
PL013,91
PL013,89
PL013,97
PL013,99
PL013,90
PL013,88
PL013,94
PL013,87
PL013,99
PL013,95
PL013,97
PL013,99
PL013,90
PL013,88
PL013,94
PL013,87
PL013,99
PL013,95
PL013,88
PL013,87
PL013,99
PL013,95
PL013,96
PL013,93
PL013,95
PL013,91
PL013,89
PL013,97
PL013,99
PL013,90
PL013,88
PL013,94
PL013,87
PL013,99
PL013,95
PL013,97
PL013,99
PL013,90
PL013,88
PL013,94
PL013,87
PL013,99
PL013,95
PL013,88
PL013,87
PL013,99
PL013,95
PL013,96
PL013,93
PL013,95
PL013,91
PL013,89
PL013,97
PL013,99
PL013,90
PL013,88
PL013,94
PL013,87
PL013,99
PL013,95
PL013,97
PL013,99
PL013,90
PL013,88
PL013,94
PL013,87
PL013,99
PL013,95
PL013,88
PL013,87
PL013,99
PL013,95
PL013,96
PL013,93
PL013,95
PL013,91
PL013,89
PL013,97
PL013,99
PL013,90
PL013,88
PL013,94
PL013,87
PL013,99
PL013,95
PL013,97
PL013,99
PL013,90
PL013,88
PL013,94
PL013,87
PL013,99
PL013,95
PL013,88
PL013,87
PL013,99
PL013,95
PL013,96
PL013,93
PL013,95
PL013,91
PL013,89
PL013,97
PL013,99
PL013,90
PL013,88
PL013,94
PL013,87
PL013,99
PL013,95
PL013,97
PL013,99
PL013,90
PL013,88
PL013,94
PL013,87
PL013,99
PL013,95
PL013,88
WB121,95
WB121,91
WB121,89
WB121,97
WB121,99
WB121,90
WB121,88
WB121,94
WB121,87
WB121,99
WB121,95
WB121,97
WB121,99
WB121,90
WB121,88
WB121,94
WB121,87
WB121,99
WB121,95
WB121,95
WB121,91
WB121,89
WB121,97
WB121,99
WB121,90
WB121,88
WB121,94
WB121,87
WB121,99
WB121,95
WB121,97
WB121,99
WB121,90
WB121,88
WB121,94
WB121,87
WB121,99
WB121,95
WB121,99
WB121,95
WB121,97
WB121,99
WB121,90
WB121,88
WB121,94
WB121,87
WB121,99
WB121,95
WB121,90
WB121,88
WB122,90
WB122,88
WB122,94
WB122,87
WB122,99
WB122,95
WB122,95
WB122,91
WB122,89
WB122,97
WB122,99
WB122,90
WB122,88
WB122,94
WB122,87
WB122,99
WB122,95
WB122,97
WB122,99
WB122,90
WB122,88
WB122,94
WB122,87
WB122,90
WB122,88
WB122,94
WB122,87
WB122,99
WB122,95
WB122,95
WB122,91
WB122,89
WB122,97
WB122,99
WB122,90
WB122,88
WB122,94
WB122,87
WB122,99
WB122,95
WB122,97
WB122,99
WB122,90
WB122,88
WB122,94
WB122,87
WB122,88
WB122,94
WB122,87
WB122,99
WB123,99
WB123,95
WB123,91
WB123,89
WB123,97
WB123,99
WB123,90
WB123,88
WB123,94
WB123,87
WB123,99
WB123,95
WB123,97
WB123,99
WB123,90
WB123,88
WB123,94
WB123,99
WB123,95
WB123,91
WB123,89
WB123,97
WB123,99
WB123,90
WB123,88
WB123,94
WB123,87
WB123,99
WB123,95
WB123,97
WB123,99
WB123,90
WB123,88
WB123,94
WB123,87
WB123,99
WB123,95
WB123,97
WB123,99
WB123,90
WB123,88
WB123,94
WB123,99
WB123,95
WB123,91
WB123,89
WB123,97
WB123,99
WB123,90
WB123,88
WB123,94
WB123,87
WB123,99
WB123,95
WB123,97
WB123,99
WB123,90
WB123,88
WB123,94
WB123,87
WB123,99
WB123,95
WB123,97
WB123,99
WB123,90
WB123,88
WB123,94
WB123,99
WB123,95
WB123,91
WB123,89
WB123,97
WB123,99
WB123,90
WB123,88
WB123,94
WB123,87
WB123,99
WB123,95
WB123,97
WB123,99
WB123,90
WB123,88
WB123,94
WB123,87
WB123,99
WB123,95
WB123,97
WB123,99
WB123,90
WB123,88
WB123,94
WB123,99
WB123,95
WB123,91
WB123,89
WB123,97
WB123,99
WB123,90
WB123,88
WB123,94
WB123,87
WB123,99
WB123,95
WB123,97
WB123,99
WB123,90
WB123,88
WB123,94
WB123,87
WB123,99
WB123,95
WB123,97
WB123,99
WB123,90
WB123,88
WB123,94
WB123,99
WB123,95
WB123,91
WB123,89
WB123,97
WB123,99
WB123,90
WB123,88
WB123,94
WB123,87
WB123,99
WB123,95
WB123,97
WB123,99
WB123,90
WB123,88
WB123,94
WB123,87
WB123,99
WB123,95
WB123,97
WB123,99
WB123,90
WB123,88
WB123,94
WB123,99
WB123,95
WB123,91
WB123,89
WB123,97
WB123,99
WB123,90
WB123,88
WB123,94
WB123,87
WB123,99
WB123,95
WB123,97
WB123,99
WB123,90
WB123,88
WB123,94
WB123,87
WB123,99
WB123,95
WB123,97
WB123,99
WB123,90
WB123,88
WB123,94
WB123,99
WB123,95
WB123,91
WB123,89
WB123,97
WB123,99
WB123,90
WB123,88
WB123,94
WB123,87
WB123,99
WB123,95
WB123,97
WB123,99
WB123,90
WB123,88
WB123,94
WB123,87
WB123,99
WB123,95
WB123,97
WB123,99
WB123,90
WB123,88
WB123,94
WB123,99
WB123,95
WB123,91
WB123,89
WB123,97
WB123,99
WB123,90
WB123,88
WB123,94
WB123,87
WB123,99
WB123,95
WB123,97
WB123,99
WB123,90
WB123,88
WB123,94
WB123,87
WB123,99
WB123,95
WB123,97
WB123,99
WB123,90
WB123,88
WB123,94
WB123,99
WB123,95
WB123,91
WB123,89
WB123,97
WB123,99
WB123,90
WB123,88
WB123,94
WB123,87
WB123,99
WB123,95
WB123,97
WB123,99
WB123,90
WB123,88
WB123,94
WB123,87
WB123,99
WB123,95
WB123,97
WB123,99
WB123,90
WB123,88
WB123,94
WB123,99
WB123,95
WB123,91
WB123,89
WB123,97
WB123,99
WB123,90
WB123,88
WB123,94
WB123,87
WB123,99
WB123,95
WB123,97
WB123,99
WB123,90
WB123,88
WB123,94
WB123,87
WB123,99
WB123,95
WB123,97
WB123,99
WB123,90
WB123,88
WB123,94
WB123,99
WB123,95
WB123,91
WB123,89
WB123,97
WB123,99
WB123,90
WB123,88
WB123,94
WB123,87
WB123,99
WB123,95
WB123,97
WB123,99
WB123,90
WB123,88
WB123,94
WB123,87
WB123,99
WB123,95
WB123,97
WB123,99
WB123,90
WB123,88
WB123,94
WB123,99
WB123,95
WB123,91
WB123,89
WB123,97
WB123,99
WB123,90
WB123,88
WB123,94
WB123,87
WB123,99
WB123,95
WB123,97
WB123,99
WB123,90
WB123,88
WB123,94
WB123,87
WB123,99
WB123,95
WB123,97
WB123,99
WB123,90
WB123,88
WB123,94
WB123,99
WB123,95
WB123,91
WB123,89
WB123,97
WB123,99
WB123,90
WB123,88
WB123,94
WB123,87
WB123,99
WB123,95
WB123,97
WB123,99
WB123,90
WB123,88
WB123,94
WB123,87
WB123,99
WB123,95
WB123,97
WB123,99
WB123,90
WB123,88
WB123,94
WB123,99
WB123,95
WB123,91
WB123,89
WB123,97
WB123,99
WB123,90
WB123,88
WB123,94
WB123,87
WB123,99
WB123,95
WB123,97
WB123,99
WB123,90
WB123,88
WB123,94
WB123,87
WB123,99
WB123,95
WB123,97
WB123,99
WB123,90
WB123,88
WB123,94
WB123,99
WB123,95
WB123,91
WB123,89
WB123,97
WB123,99
WB123,90
WB123,88
WB123,94
WB123,87
WB123,99
WB123,95
WB123,97
WB123,99
WB123,90
WB123,88
WB123,94
WB123,87
WB123,99
WB123,95
WB123,97
WB123,99
WB123,90
WB123,88
WB123,94
WB123,99
WB123,95
WB123,91
WB123,89
WB123,97
WB123,99
WB123,90
WB123,88
WB123,94
WB123,87
WB123,99
WB123,95
WB123,97
WB123,99
WB123,90
WB123,88
WB123,94
WB123,87
WB123,99
WB123,95
WB123,97
WB123,99
WB123,90
WB123,88
WB123,94
WB123,99
WB123,95
WB123,91
WB123,89
WB123,97
WB123,99
WB123,90
WB123,88
WB123,94
WB123,87
WB123,99
WB123,95
WB123,97
WB123,99
WB123,90
WB123,88
WB123,94
WB123,87
WB123,99
WB123,95
WB123,97
WB123,99
WB123,90
WB123,88
WB123,94
WB123,99
WB123,95
WB123,91
WB123,89
WB123,97
WB123,99
WB123,90
WB123,88
WB123,94
WB123,87
WB123,99
WB123,95
WB123,97
WB123,99
WB123,90
WB123,88
WB123,94
WB123,87
WB123,99
WB123,95
WB123,97
WB123,99
WB123,90
WB123,88
WB123,94
WB123,99
WB123,95
WB123,91
WB123,89
WB123,97
WB123,99
WB123,90
WB123,88
WB123,94
WB123,87
WB123,99
WB123,95
WB123,97
WB123,99
WB123,90
WB123,88
WB123,94
WB123,87
WB123,99
WB123,95
WB123,97
WB123,99
WB123,90
WB123,88
WB123,94
WB123,99
WB123,95
WB123,91
WB123,89
WB123,97
WB123,99
WB123,90
WB123,88
WB123,94
WB123,87
WB123,99
WB123,95
WB123,97
WB123,99
WB123,90
WB123,88
WB123,94
WB123,87
WB123,99
WB123,95
WB123,97
WB123,99
WB123,90
WB123,88
WB123,94
WB123,99
WB123,95
WB123,91
WB123,89
WB123,97
WB123,99
WB123,90
WB123,88
WB123,94
WB123,87
WB123,99
WB123,95
WB123,97
WB123,99
WB123,90
WB123,88
WB123,94
WB123,87
WB123,99
WB123,95
WB123,97
WB123,99
WB123,90
WB123,88
WB123,94
WB123,99
WB123,95
WB123,91
WB123,89
WB123,97
WB123,99
WB123,90
WB123,88
WB123,94
WB123,87
WB123,99
WB123,95
WB123,97
WB123,99
WB123,90
WB123,88
WB123,94
WB123,87
WB123,99
WB123,95
WB123,97
WB123,99
WB123,90
WB123,88
WB123,94
WB123,99
WB123,95
WB123,91
WB123,89
WB123,97
WB123,99
WB123,90
WB123,88
WB123,94
WB123,87
WB123,99
WB123,95
WB123,97
WB123,99
WB123,90
WB123,88
WB123,94
WB123,87
WB123,99
WB123,95
WB123,97
WB123,99
WB123,90
WB123,88
WB123,94
WB123,99
WB123,95
WB123,91
WB123,89
WB123,97
WB123,99
WB123,90
WB123,88
WB123,94
WB123,87
WB123,99
WB123,95
WB123,97
WB123,99
WB123,90
WB123,88
WB123,94
WB123,87
WB123,99
WB123,95
WB123,97
WB123,99
WB123,90
WB123,88
WB123,94
WB123,99
WB123,95
WB123,91
WB123,89
WB123,97
WB123,99
WB123,90
WB123,88
WB123,94
WB123,87
WB123,99
WB123,95
WB123,97
WB123,99
WB123,90
WB123,88
WB123,94
WB123,87
WB123,99
WB123,95
WB123,97
WB123,99
WB123,90
WB123,88
WB123,94
WB123,99
WB123,95
WB123,91
WB123,89
WB123,97
WB123,99
WB123,90
WB123,88
WB131,95
WB131,90
WB131,88
WB131,94
WB131,87
WB131,99
WB131,95
WB131,95
WB131,91
WB131,89
WB131,97
WB131,99
WB131,90
WB131,88
WB131,94
WB131,87
WB131,99
WB131,95
WB131,97
WB131,99
WB131,90
WB131,95
WB131,90
WB131,88
WB131,94
WB131,87
WB131,99
WB131,95
WB131,95
WB131,91
WB131,89
WB131,97
WB131,99
WB131,90
WB131,88
WB131,94
WB131,87
WB131,99
WB131,95
WB131,97
WB131,99
WB131,90
WB131,95
WB131,90
WB131,88
WB131,94
WB131,87
WB131,99
WB131,95
WB131,95
WB131,91
WB131,89
WB131,97
WB131,99
WB131,90
WB131,88
WB131,94
WB131,87
WB131,99
WB131,95
WB131,97
WB131,99
WB131,90
WB131,95
WB131,90
WB131,88
WB131,94
WB131,87
WB131,99
WB131,95
WB131,95
WB131,91
WB131,89
WB131,97
WB131,99
WB131,90
WB131,88
WB131,94
WB131,87
WB131,99
WB131,95
WB131,97
WB131,99
WB131,90
WB131,95
WB131,90
WB131,88
WB131,94
WB131,87
WB131,99
WB131,95
WB131,95
WB131,91
WB131,89
WB131,97
WB131,99
WB131,90
WB131,88
WB131,94
WB131,87
WB132,88
WB132,90
WB132,88
WB132,94
WB132,87
WB132,99
WB132,95
WB132,95
WB132,91
WB132,89
WB132,97
WB132,99
WB132,90
WB132,88
WB132,94
WB132,87
WB132,99
WB132,95
WB132,97
WB132,99
WB132,88
WB132,90
WB132,88
WB132,94
WB132,87
WB132,99
WB132,95
WB132,95
WB132,91
WB132,89
WB132,97
WB132,99
WB132,90
WB132,88
WB132,94
WB132,87
WB132,99
WB132,95
WB132,97
WB132,99
WB132,88
WB132,90
WB132,88
WB132,94
WB132,87
WB132,99
WB132,95
WB132,95
WB132,91
WB132,89
WP401,87
WP401,99
WP401,95
WP401,97
WP401,99
WP401,90
WP401,88
WP401,94
WP401,95
WP401,90
WP401,88
WP401,94
WP401,87
WP401,99
WP401,95
WP401,95
WP401,91
WP401,89
WP401,97
WP401,99
WP401,90
WP401,87
WP401,99
WP401,95
WP401,97
WP401,99
WP401,90
WP401,88
WP401,94
WP401,95
WP401,90
WP401,88
WP401,94
WP401,87
WP401,99
WP401,95
WP401,95
WP401,91
WP401,89
WP401,97
WP401,99
WP401,87
WP401,99
WP401,95
WP401,97
WP401,99
WP401,90
WP401,88
WP401,94
WP401,95
WP401,90
WP401,88
WP401,94
WP401,87
WP401,99
WP401,95
WP401,95
WP401,91
WP401,89
WP401,97
WP401,99
WP401,87
WP401,99
WP401,95
WP401,97
WP401,99
WP401,90
WP401,88
WP401,94
WP401,95
WP401,90
WP401,88
WP401,94
WP401,87
WP401,99
WP401,95
WP401,95
WP401,91
WP401,89
WP401,97
WP401,99
WP401,87
WP401,99
WP401,95
WP401,97
WP401,99
WP401,90
WP401,88
WP401,94
WP401,95
WP401,90
WP401,88
WP401,94
WP401,87
WP401,99
WP401,95
WP401,95
WP401,91
WP401,89
WP401,97
WP401,99
WP401,87
WP401,99
WP401,95
WP401,97
WP401,99
WP401,90
WP401,88
WP401,94
WP401,95
WP401,90
WP401,88
WP401,94
WP401,87
WP401,99
WP401,95
WP401,95
WP401,91
WP401,89
WP401,97
WP401,99
WP401,87
WP401,99
WP401,95
WP401,97
WP401,99
WP401,90
WP401,88
WP401,94
WP401,95
WP401,90
WP401,88
WP401,94
WP401,87
WP401,99
WP401,95
WP401,95
WP401,91
WP401,89
WP401,97
WP401,99
WP401,87
WP401,99
WP401,95
WP401,97
WP401,99
WP401,90
WP401,88
WP401,94
WP401,95
WP401,90
WP401,88
WP401,94
WP401,87
WP401,99
WP401,95
WP401,95
WP401,91
WP401,89
WP401,97
WP401,99
WP401,87
WP401,99
WP401,95
WP401,97
WP401,99
WP401,90
WP401,88
WP401,94
WP401,95
WP401,90
WP401,88
WP401,94
WP401,87
WP401,99
WP401,95
WP401,95
WP401,91
WP401,89
WP401,97
WP401,99
WP401,87
WP401,99
WP401,95
WP401,97
WP401,99
WP401,90
WP401,88
WP401,94
WP401,95
WP401,90
WP401,88
WP401,94
WP401,87
WP401,99
WP401,95
WP401,95
WP401,91
WP401,89
WP401,97
WP401,99
WP401,87
WP401,99
WP401,95
WP401,97
WP401,99
WP401,90
WP401,88
WP401,94
WP401,95
WP401,90
WP401,88
WP401,94
WP401,87
WP401,99
WP401,95
WP401,95
WP401,91
WP401,89
WP401,97
WP401,99
WP401,87
WP401,99
WP401,95
WP401,97
WP401,99
WP401,90
WP401,88
WP401,94
WP401,95
WP401,90
WP401,88
WP401,94
WP401,87
WP401,99
WP401,95
WP401,95
WP401,91
WP401,89
WP401,97
WP401,99
WP401,87
WP401,99
WP401,95
WP401,97
WP401,99
WP401,90
WP401,88
WP401,94
WP401,95
WP401,90
WP401,88
WP401,94
WP401,87
WP401,99
WP401,95
WP401,95
WP401,91
WP401,89
WP401,97
WP401,99
WP401,87
WP401,99
WP401,95
WP401,97
WP401,99
WP401,90
WP401,88
WP401,94
WP401,95
WP401,90
WP401,88
WP401,94
WP401,87
WP401,99
WP401,95
WP401,95
WP401,91
WP401,89
WP401,97
WP401,99
WP401,87
WP401,99
WP401,95
WP401,97
WP401,99
WP401,90
WP401,88
WP401,94
WP401,95
WP401,90
WP401,88
WP401,94
WP401,87
WP401,99
WP401,95
WP401,95
WP401,91
WP401,89
WP401,97
WP401,99
WP401,87
WP401,99
WP401,95
WP401,97
WP401,99
WP401,90
WP401,88
WP401,94
WP401,95
WP401,90
WP401,88
WP401,94
WP401,87
WP401,99
WP401,95
WP401,95
WP401,91
WP401,89
WP401,97
WP401,99
WP401,87
WP401,99
WP401,95
WP401,97
WP401,99
WP401,90
WP401,88
WP401,94
WP401,95
WP401,90
WP401,88
WP401,94
WP401,87
WP401,99
WP401,95
WP401,95
WP401,91
WP401,89
WP401,97
WP401,99
WP401,87
WP401,99
WP401,95
WP401,97
WP401,99
WP401,90
WP401,88
WP401,94
WP401,95
WP401,90
WP401,88
WP401,94
WP401,87
WP401,99
WP401,95
WP401,95
WP401,91
WP401,89
WP401,97
WP401,99
WP401,87
WP401,99
WP401,95
WP401,97
WP401,99
WP401,90
WP401,88
WP401,94
WP401,95
WP401,90
WP401,88
WP401,94
WP401,87
WP401,99
WP401,95
WP401,95
WP401,91
WP401,89
WP401,97
WP401,99
WP401,87
WP401,99
WP401,95
WP401,97
WP401,99
WP401,90
WP401,88
WP401,94
WP401,95
WP401,90
WP401,88
WP401,94
WP401,87
WP401,99
WP401,95
WP401,95
WP401,91
WP401,89
WP401,97
WP401,99
WP401,87
WP401,99
WP401,95
WP401,97
WP401,99
WP401,90
WP401,88
WP401,94
WP401,95
WP401,90
WP401,88
WP401,94
WP401,87
WP401,99
WP401,95
WP401,95
WP401,91
WP401,89
WP401,97
WP401,99
WP401,87
WP401,99
WP401,95
WP401,97
WP401,99
WP401,90
WP401,88
WP401,94
WP401,95
WP401,90
WP401,88
WP401,94
WP401,87
WP401,99
WP401,95
WP401,95
WP401,91
WP401,89
WP401,97
WP401,99
WP401,87
WP401,99
WP401,95
WP401,97
WP401,99
WP401,90
WP401,88
WP401,94
WP401,95
WP401,90
WP401,88
WP401,94
WP401,87
WP401,99
WP401,95
WP401,95
WP401,91
WP401,89
WP401,97
WP401,99
WP401,87
WP401,99
WP401,95
WP401,97
WP401,99
WP401,90
WP401,88
WP401,94
WP401,95
WP401,90
WP401,88
WP401,94
WP401,87
WP401,99
WP401,95
WP401,95
WP401,91
WP401,89
WP401,97
WP401,99
WP401,87
WP401,99
WP401,95
WP401,97
WP401,99
WP401,90
WP401,88
WP401,94
WP401,95
WP401,90
WP401,88
WP401,94
WP401,87
WP401,99
WP401,95
WP401,95
WP401,91
WP401,89
WP401,97
WP401,99
WP401,87
WP401,99
WP401,95
WP401,97
WP401,99
WP401,90
WP401,88
WP401,94
WP401,95
WP401,90
WP401,88
WP401,94
WP401,87
WP401,99
WP401,95
WP401,95
WP401,91
WP401,89
WP401,97
WP401,99
WP401,87
WP401,99
WP401,95
WP401,97
WP401,99
WP401,90
WP401,88
WP401,94
WP401,95
WP401,90
WP401,88
WP401,94
WP401,87
WP401,99
WP401,95
WP401,95
WP401,91
WP401,89
WP401,97
WP401,99
WP401,87
WP401,99
WP401,95
WP401,97
WP401,99
WP401,90
WP401,88
WP401,94
WP401,95
WP401,90
WP401,88
WP401,94
WP401,87
WP401,99
WP401,95
WP401,95
WP401,91
WP401,89
WP401,97
WP401,99
WP401,87
WP401,99
WP401,95
WP401,97
WP401,99
WP401,90
WP401,88
WP401,94
WP401,95
WP401,90
WP401,88
WP401,94
WP401,87
WP401,99
WP401,95
WP401,95
WP401,91
WP401,89
WP401,97
WP401,99
WP401,87
WP401,99
WP401,95
WP401,97
WP401,99
WP401,90
WP401,88
WP401,94
WP401,95
WP401,90
WP401,88
WP401,94
WP401,87
WP401,99
WP401,95
WP401,95
WP401,91
WP401,89
WP401,97
WP401,99
WP401,87
WP401,99
WP401,95
WP401,97
WP401,99
WP401,90
WP401,88
WP401,94
WP401,95
WP401,90
WP401,88
WP401,94
WP401,87
WP401,99
WP401,95
WP401,95
WP401,91
WP401,89
WP401,97
WP401,99
WP401,87
WP401,99
WP401,95
WP401,97
WP401,99
WP401,90
WP401,88
WP401,94
WP401,95
WP401,90
WP401,88
WP401,94
WP401,87
WP401,99
WP401,95
WP401,95
WP401,91
WP401,89
WP401,97
WP401,99
WP401,87
WP401,99
WP401,95
WP401,97
WP401,99
WP401,90
WP401,88
WP401,94
WP401,95
WP401,90
WP401,88
WP401,94
WP401,87
WP401,99
WP401,95
WP401,95
WP401,91
WP401,89
WP401,97
WP401,99
WP401,87
WP401,99
WP401,95
WP401,97
WP401,99
WP401,90
WP401,88
WP401,94
WP401,95
WP401,90
WP401,88
WP401,94
WP401,87
WP401,99
WP401,95
WP401,95
WP401,91
WP401,89
WP401,97
WP401,99
WP401,87
WP401,99
WP401,95
WP401,97
WP401,99
WP401,90
WP401,88
WP401,94
WP401,95
WP401,90
WP401,88
WP401,94
WP401,87
WP401,99
WP401,95
WP401,95
WP401,91
WP401,89
WP401,97
WP402,87
WP402,99
WP402,95
WP402,97
WP402,99
WP402,90
WP402,88
WP402,90
WP402,88
WP402,94
WP402,87
WP402,99
WP402,95
WP402,95
WP402,91
WP402,89
WP402,97
WP402,99
WP402,90
WP402,88
WP402,94
WP402,87
WP402,99
WP402,95
WP402,97
WP402,99
WP402,87
WP402,99
WP402,95
WP402,97
WP402,99
WP402,90
WP402,88
WP402,87
WP402,99
WP402,95
WP402,97
WP402,99
WP402,90
WP402,88
WP402,90
WP402,88
WP402,94
WP402,87
WP402,99
WP402,95
WP402,95
WP402,91
WP402,89
WP402,97
WP402,99
WP402,90
WP402,88
WP402,94
WP402,87
WP402,99
WP402,95
WP402,97
WP402,99
WP402,87
WP402,99
WP402,95
WP402,97
WP402,99
WP402,90
WP402,88
WP402,87
WP402,99
WP402,95
WP402,97
WP402,99
WP402,90
WP402,88
WP402,90
WP402,88
WP402,94
WP402,87
WP402,99
WP402,95
WP402,95
WP402,91
WP402,89
WP402,97
WP402,99
WP402,90
WP402,88
WP402,94
WP402,87
WP402,99
WP402,95
WP402,97
WP402,99
WP402,87
WP402,99
WP402,95
WP402,97
WP402,99
WP402,90
WP402,88
WP402,87
WP402,99
WP402,95
WP402,97
WP402,99
WP402,90
WP402,88
WP402,90
WP402,88
WP402,94
WP402,87
WP402,99
WP402,95
WP402,95
WP402,91
WP402,89
WP402,97
WP402,99
WP402,90
WP402,88
WP402,94
WP402,87
WP402,99
WP402,95
WP402,97
WP402,99
WP402,87
WP402,99
WP402,95
WP402,97
WP402,99
WP402,90
WP402,88
WP402,87
WP402,99
WP402,95
WP402,97
WP402,99
WP402,90
WP402,88
WP402,90
WP402,88
WP402,94
WP402,87
WP402,99
WP402,95
WP402,95
WP402,91
WP402,89
WP402,97
WP402,99
WP402,90
WP402,88
WP402,94
WP402,87
WP402,99
WP402,95
WP402,97
WP402,99
WP402,87
WP402,99
WP402,95
WP402,97
WP402,99
WP402,90
WP402,88
WP402,87
WP402,99
WP402,95
WP402,97
WP402,99
WP402,90
WP402,88
WP402,90
WP402,88
WP402,94
WP402,87
WP402,99
WP402,95
WP402,95
WP402,91
WP402,89
WP402,97
WP402,99
WP402,90
WP402,88
WP402,94
WP402,87
WP402,99
WP402,95
WP402,97
WP402,99
WP402,87
WP402,99
WP402,95
WP402,97
WP402,99
WP402,90
WP402,88
WP402,87
WP402,99
WP402,95
WP402,97
WP402,99
WP402,90
WP402,88
WP402,90
WP402,88
WP402,94
WP402,87
WP402,99
WP402,95
WP402,95
WP402,91
WP402,89
WP402,97
WP402,99
WP402,90
WP402,88
WP402,94
WP402,87
WP402,99
WP402,95
WP402,97
WP402,99
WP402,87
WP402,99
WP402,95
WP402,97
WP402,99
WP402,90
WP402,88
WP402,87
WP402,99
WP402,95
WP402,97
WP402,99
WP402,90
WP402,88
WP402,90
WP402,88
WP402,94
WP402,87
WP402,99
WP402,95
WP402,95
WP402,91
WP402,89
WP402,97
WP402,99
WP402,90
WP402,88
WP402,94
WP402,87
WP402,99
WP402,95
WP402,97
WP402,99
WP402,87
WP402,99
WP402,95
WP402,97
WP402,99
WP402,90
WP402,88
WP402,87
WP402,99
WP402,95
WP402,97
WP402,99
WP402,90
WP402,88
WP402,90
WP402,88
WP402,94
WP402,87
WP402,99
WP402,95
WP402,95
WP402,91
WP402,89
WP402,97
WP402,99
WP402,90
WP402,88
WP402,94
WP402,87
WP402,99
WP402,95
WP402,97
WP402,99
WP402,87
WP402,99
WP402,95
WP402,97
WP402,99
WP402,90
WP402,88
WP402,87
WP402,99
WP402,95
WP402,97
WP402,99
WP402,90
WP402,88
WP402,90
WP402,88
WP402,94
WP402,87
WP402,99
WP402,95
WP402,95
WP402,91
WP402,89
WP402,97
WP402,99
WP402,90
WP402,88
WP402,94
WP402,87
WP402,99
WP402,95
WP402,97
WP402,99
WP402,87
WP402,99
WP402,95
WP402,97
WP402,99
WP402,90
WP402,88
WP402,87
WP402,99
WP402,95
WP402,97
WP402,99
WP402,90
WP402,88
WP402,90
WP402,88
WP402,94
WP402,87
WP402,99
WP402,95
WP402,95
WP402,91
WP402,89
WP402,97
WP402,99
WP402,90
WP402,88
WP402,94
WP402,87
WP402,99
WP402,95
WP402,97
WP402,99
WP402,87
WP402,99
WP402,95
WP402,97
WP402,99
WP402,90
WP402,88
WP402,87
WP402,99
WP402,95
WP402,97
WP402,99
WP402,90
WP402,88
WP402,90
WP402,88
WP402,94
WP402,87
WP402,99
WP402,95
WP402,95
WP402,91
WP402,89
WP402,97
WP402,99
WP402,90
WP402,88
WP402,94
WP402,87
WP402,99
WP402,95
WP402,97
WP402,99
WP402,87
WP402,99
WP402,95
WP402,97
WP402,99
WP402,90
WP402,88
WP402,87
WP402,99
WP402,95
WP402,97
WP402,99
WP402,90
WP402,88
WP402,90
WP402,88
WP402,94
WP402,87
WP402,99
WP402,95
WP402,95
WP402,91
WP402,89
WP402,97
WP402,99
WP402,90
WP402,88
WP402,94
WP402,87
WP402,99
WP402,95
WP402,97
WP402,99
WP402,87
WP402,99
WP402,95
WP402,97
WP402,99
WP402,90
WP402,88
WP402,87
WP402,99
WP402,95
WP402,97
WP402,99
WP402,90
WP402,88
WP402,90
WP402,88
WP402,94
WP402,87
WP402,99
WP402,95
WP402,95
WP402,91
WP402,89
WP402,97
WP402,99
WP402,90
WP402,88
WP402,94
WP402,87
WP402,99
WP402,95
WP402,97
WP402,99
WP402,87
WP402,99
WP402,95
WP402,97
WP402,99
WP402,90
WP402,88
WP402,87
WP402,99
WP402,95
WP402,97
WP402,99
WP402,90
WP402,88
WP402,90
WP402,88
WP402,94
WP402,87
WP402,99
WP402,95
WP402,95
WP402,91
WP402,89
WP402,97
WP402,99
WP402,90
WP402,88
WP402,94
WP402,87
WP402,99
WP402,95
WP402,97
WP402,99
WP402,87
WP402,99
WP402,95
WP402,97
WP402,99
WP402,90
WP402,88
WP402,87
WP402,99
WP402,95
WP402,97
WP402,99
WP402,90
WP402,88
WP402,90
WP402,88
WP402,94
WP402,87
WP402,99
WP402,95
WP402,95
WP402,91
WP402,89
WP402,97
WP402,99
WP402,90
WP402,88
WP402,94
WP402,87
WP402,99
WP402,95
WP402,97
WP402,99
WP402,87
WP402,99
WP402,95
WP402,97
WP402,99
WP402,90
WP402,88
WP402,87
WP402,99
WP402,95
WP402,97
WP402,99
WP402,90
WP402,88
WP402,90
WP402,88
WP402,94
WP402,87
WP402,99
WP402,95
WP402,95
WP402,91
WP402,89
WP402,97
WP402,99
WP402,90
WP402,88
WP402,94
WP402,87
WP402,99
WP402,95
WP402,97
WP402,99
WP402,87
WP402,99
WP402,95
WP402,97
WP402,99
WP402,90
WP402,88
WP402,87
WP402,99
WP402,95
WP402,97
WP402,99
WP402,90
WP402,88
WP402,90
WP402,88
WP402,94
WP402,87
WP402,99
WP402,95
WP402,95
WP402,91
WP402,89
WP402,97
WP402,99
WP402,90
WP402,88
WP402,94
WP402,87
WP402,99
WP402,95
WP402,97
WP402,99
WP402,87
WP402,99
WP402,95
WP402,97
WP402,99
WP402,90
WP402,88
WP402,87
WP402,99
WP402,95
WP402,97
WP402,99
WP402,90
WP402,88
WP402,90
WP402,88
WP402,94
WP402,87
WP402,99
WP402,95
WP402,95
WP402,91
WP402,89
WP402,97
WP402,99
WP402,90
WP402,88
WP402,94
WP402,87
WP402,99
WP402,95
WP402,97
WP402,99
WP402,87
WP402,99
WP402,95
WP402,97
WP402,99
WP402,90
WP402,88
WP402,87
WP402,99
WP402,95
WP402,97
WP402,99
WP402,90
WP402,88
WP402,90
WP402,88
WP402,94
WP402,87
WP402,99
WP402,95
WP402,95
WP402,91
WP402,89
WP402,97
WP402,99
WP402,90
WP402,88
WP402,94
WP402,87
WP402,99
WP402,95
WP402,97
WP402,99
WP402,87
WP402,99
WP402,95
WP402,97
WP402,99
WP402,90
WP402,88
WP402,87
WP402,99
WP402,95
WP402,97
WP402,99
WP402,90
WP402,88
WP402,90
WP402,88
WP402,94
WP402,87
WP402,99
WP402,95
WP402,95
WP402,91
WP402,89
WP402,97
WP402,99
WP402,90
WP402,88
WP402,94
WP402,87
WP402,99
WP402,95
WP402,97
WP402,99
WP402,87
WP402,99
WP402,95
WP402,97
WP402,99
WP402,90
WP402,88
WP402,87
WP402,99
WP402,95
WP402,97
WP402,99
WP402,90
WP402,88
WP402,90
WP402,88
WP402,94
WP402,87
WP402,99
WP402,95
WP402,95
WP402,91
WP402,89
WP402,97
WP402,99
WP402,90
WP402,88
WP402,94
WP402,87
WP402,99
WP402,95
WP402,97
WP402,99
WP402,87
WP402,99
WP402,95
WP402,97
WP402,99
WP402,90
WP402,88
WP402,87
WP402,99
WP402,95
WP402,97
WP402,99
WP402,90
WP402,88
WP402,90
WP402,88
WP402,94
WP402,87
WP402,99
WP402,95
WP402,95
WP402,91
WP402,89
WP402,97
WP402,99
WP402,90
WP402,88
WP402,94
WP402,87
WP402,99
WP402,95
WP402,97
WP402,99
WP402,87
WP402,99
WP402,95
WP402,97
WP402,99
WP402,90
WP402,88
WP402,87
WP402,99
WP402,95
WP402,97
WP402,99
WP402,90
WP402,88
WP402,90
WP402,88
WP402,94
WP402,87
WP402,99
WP402,95
WP402,95
WP402,91
WP402,89
WP402,97
WP402,99
WP402,90
WP402,88
WP402,94
WP402,87
WP402,99
WP402,95
WP402,97
WP402,99
WP402,87
WP402,99
WP402,95
WP402,97
WP402,99
WP402,90
WP402,88
WP402,94
WP402,87
WP402,99
WP402,95
WP402,97
WP402,99
WP402,87
WP402,99
WP403,87
WP403,99
WP403,95
WP403,97
WP403,99
WP403,90
WP403,88
WP403,94
WP403,95
WP403,90
WP403,88
WP403,94
WP403,87
WP403,99
WP403,95
WP403,95
WP403,91
WP403,89
WP403,97
WP403,99
WP403,87
WP403,99
WP403,95
WP403,97
WP403,99
WP403,90
WP403,88
WP403,94
WP403,95
WP403,90
WP403,88
WP403,94
WP403,87
WP403,99
WP403,95
WP403,95
WP403,91
WP403,89
WP403,97
WP403,99
WP403,87
WP403,99
WP403,95
WP403,97
WP403,99
WP403,90
WP403,88
WP403,94
WP403,95
WP403,90
WP403,88
WP403,94
WP403,87
WP403,99
WP403,95
WP403,95
WP403,91
WP403,89
WP403,97
WP403,99
WP403,87
WP403,99
WP403,95
WP403,97
WP403,99
WP403,90
WP403,88
WP403,94
WP403,95
WP403,90
WP403,88
WP403,94
WP403,87
WP403,99
WP403,95
WP403,95
WP403,91
WP403,89
WP403,97
WP403,99
WP403,87
WP403,99
WP403,95
WP403,97
WP403,99
WP403,90
WP403,88
WP403,94
WP403,95
WP403,90
WP403,88
WP403,94
WP403,87
WP403,99
WP403,95
WP403,95
WP403,91
WP403,89
WP403,97
WP403,99
WP404,91
WP404,89
WP404,97
WP404,99
WP404,90
WP404,87
WP404,99
WP404,95
WP404,97
WP404,99
WP404,90
WP404,88
WP404,90
WP404,88
WP404,94
WP404,87
WP404,99
WP404,95
WP404,95
WP404,91
WP404,89
WP404,97
WP404,99
WP404,90
WP404,88
WP404,91
WP404,89
WP404,97
WP404,99
WP404,90
WP404,87
WP404,99
WP404,95
WP404,97
WP404,99
WP404,90
WP404,88
WP404,90
WP404,88
WP404,94
WP404,87
WP404,99
WP404,95
WP404,95
WP404,91
WP404,89
WP404,97
WP404,99
WP404,90
WP404,88
WP404,91
WP404,89
WP404,97
WP404,99
WP404,90
WP404,87
WP404,99
WP404,95
WP404,97
WP404,99
WP404,90
WP404,88
WP404,90
WP404,88
WP404,94
WP404,87
WP404,99
WP404,95
WP404,95
WP404,91
WP404,89
WP404,97
WP404,99
WP404,90
WP404,88
WP404,91
WP404,89
WP404,97
WP404,99
WP404,90
WP404,87
WP404,99
WP404,95
WP404,97
WP404,99
WP404,90
WP404,88
WP404,90
WP404,88
WP404,94
WP404,87
WP404,99
WP404,95
WP404,95
WP404,91
WP404,89
WP404,97
WP404,99
WP404,90
WP404,88
WP404,91
WP404,89
WP404,97
WP404,99
WP404,90
WP404,87
WP404,99
WP404,95
WP404,97
WP404,99
WP404,90
WP404,88
WP404,90
WP404,88
WP404,94
WP404,87
WP404,99
WP404,95
WP404,95
WP404,91
WP404,89
WP404,97
WP404,99
WP404,90
WP404,88
WP404,91
WP404,89
WP404,97
WP404,99
WP404,90
WP404,87
WP404,99
WP404,95
WP404,97
WP404,99
WP404,90
WP404,88
WP404,90
WP404,88
WP404,94
WP404,87
WP404,99
WP404,95
WP404,95
WP404,91
WP404,89
WP404,97
WP404,99
WP404,90
WP404,88
WP404,91
WP404,89
WP404,97
WP404,99
WP404,90
WP404,87
WP404,99
WP404,95
WP404,97
WP404,99
WP404,90
WP404,88
WP404,90
WP404,88
WP404,94
WP404,87
WP404,99
WP404,95
WP404,95
WP404,91
WP404,89
WP404,97
WP404,99
WP404,90
WP404,88
WP404,91
WP404,89
WP404,97
WP404,99
WP404,90
WP404,87
WP404,99
WP404,95
WP404,97
WP404,99
WP404,90
WP404,88
WP404,90
WP404,88
WP404,94
WP404,87
WP404,99
WP404,95
WP404,95
WP404,91
WP404,89
WP404,97
WP404,99
WP404,90
WP404,88
WP404,91
WP404,89
WP404,97
WP404,99
WP404,90
WP404,87
WP404,99
WP404,95
WP404,97
WP404,99
WP404,90
WP404,88
WP404,90
WP404,88
WP404,94
WP404,87
WP404,99
WP404,95
WP404,95
WP404,91
WP404,89
WP404,97
WP404,99
WP404,90
WP404,88
WP404,91
WP404,89
WP404,97
WP404,99
WP404,90
WP404,87
WP404,99
WP404,95
WP404,97
WP404,99
WP404,90
WP404,88
WP404,90
WP404,88
WP404,94
WP404,87
WP404,99
WP404,95
WP404,95
WP404,91
WP404,89
WP404,97
WP404,99
WP404,90
WP404,88
WP404,91
WP404,89
WP404,97
WP404,99
WP404,90
WP404,87
WP404,99
WP404,95
WP404,97
WP404,99
WP404,90
WP404,88
WP404,90
WP404,88
WP404,94
WP404,87
WP404,99
WP404,95
WP404,95
WP404,91
WP404,89
WP404,97
WP404,99
WP404,90
WP404,88
WP404,91
WP404,89
WP404,97
WP404,99
WP404,90
WP404,87
WP404,99
WP404,95
WP404,97
WP404,99
WP404,90
WP404,88
WP404,90
WP404,88
WP404,94
WP404,87
WP404,99
WP404,95
WP404,95
WP404,91
WP404,89
WP404,97
WP404,99
WP404,90
WP404,88
HD501,97
HD501,99
HD501,91
HD501,89
HD501,97
HD501,99
HD501,90
HD501,99
HD501,90
HD501,88
HD501,94
HD501,95
HD501,90
HD501,88
HD501,94
HD501,87
HD501,99
HD501,95
HD501,95
HD501,91
HD501,89
HD501,97
HD501,97
HD501,99
HD501,91
HD501,89
HD501,97
HD501,99
HD501,90
HD501,99
HD501,90
HD501,88
HD501,94
HD501,95
HD501,90
HD501,88
HD501,94
HD501,87
HD501,99
HD501,95
HD501,95
HD501,91
HD501,89
HD501,97
HD501,97
HD501,99
HD501,91
HD501,89
HD501,97
HD501,99
HD501,90
HD501,99
HD501,90
HD501,88
HD501,94
HD501,95
HD501,90
HD501,88
HD501,94
HD501,87
HD501,99
HD501,95
HD501,95
HD501,91
HD501,89
HD501,97
HD501,97
HD501,99
HD501,91
HD501,89
HD501,97
HD501,99
HD501,90
HD501,99
HD501,90
HD501,88
HD501,94
HD501,95
HD501,90
HD501,88
HD501,94
HD501,87
HD501,99
HD501,95
HD501,95
HD501,91
HD501,89
HD501,97
HD501,97
HD501,99
HD501,91
HD501,89
HD501,97
HD501,99
HD501,90
HD501,99
HD501,90
HD501,88
HD501,94
HD501,95
HD501,90
HD501,88
HD501,94
HD501,87
HD501,99
HD501,95
HD501,95
HD501,91
HD501,89
HD501,97
HD501,97
HD501,99
HD501,91
HD501,89
HD501,97
HD501,99
HD501,90
HD501,99
HD501,90
HD501,88
HD501,94
HD501,95
HD501,90
HD501,88
HD501,94
HD501,87
HD501,99
HD501,95
HD501,95
HD501,91
HD501,89
HD501,97
HD501,97
HD501,99
HD501,91
HD501,89
HD501,97
HD501,99
HD501,90
HD501,99
HD501,90
HD501,88
HD501,94
HD501,95
HD501,90
HD501,88
HD501,94
HD501,87
HD501,99
HD501,95
HD501,95
HD501,91
HD501,89
HD501,97
HD501,97
HD501,99
HD501,91
HD501,89
HD501,97
HD501,99
HD501,90
HD501,99
HD501,90
HD501,88
HD501,94
HD501,95
HD501,90
HD501,88
HD501,94
HD501,87
HD501,99
HD501,95
HD501,95
HD501,91
HD501,89
HD501,97
HD501,97
HD501,99
HD501,91
HD501,89
HD501,97
HD501,99
HD501,90
HD501,99
HD501,90
HD501,88
HD501,94
HD501,95
HD501,90
HD501,88
HD501,94
HD501,87
HD501,99
HD501,95
HD501,95
HD501,91
HD501,89
HD501,97
HD501,97
HD501,99
HD501,91
HD501,89
HD501,97
HD501,99
HD501,90
HD501,99
HD501,90
HD501,88
HD501,94
HD501,95
HD501,90
HD501,88
HD501,94
HD501,87
HD501,99
HD501,95
HD501,95
HD501,91
HD501,89
HD501,97
HD501,97
HD501,99
HD501,91
HD501,89
HD501,97
HD501,99
HD501,90
HD501,99
HD501,90
HD501,88
HD501,94
HD501,95
HD501,90
HD501,88
HD501,94
HD501,87
HD501,99
HD501,95
HD501,95
HD501,91
HD501,89
HD501,97
HD501,97
HD501,99
HD501,91
HD501,89
HD501,97
HD501,99
HD501,90
HD501,99
HD501,90
HD501,88
HD501,94
HD501,95
HD501,90
HD501,88
HD501,94
HD501,87
HD501,99
HD501,95
HD501,95
HD501,91
HD501,89
HD501,97
HD501,97
HD501,99
HD501,91
HD501,89
HD501,97
HD501,99
HD501,90
HD501,99
HD501,90
HD501,88
HD501,94
HD501,95
HD501,90
HD501,88
HD501,94
HD501,87
HD501,99
HD501,95
HD501,95
HD501,91
HD501,89
HD501,97
HD501,97
HD501,99
HD501,91
HD501,89
HD501,97
HD501,99
HD501,90
HD501,99
HD501,90
HD501,88
HD501,94
HD501,95
HD501,90
HD501,88
HD501,94
HD501,87
HD501,99
HD501,95
HD501,95
HD501,91
HD501,89
HD501,97
HD501,97
HD501,99
HD501,91
HD501,89
HD501,97
HD501,99
HD501,90
HD501,99
HD501,90
HD501,88
HD501,94
HD501,95
HD501,90
HD501,88
HD501,94
HD501,87
HD501,99
HD501,95
HD501,95
HD501,91
HD501,89
HD501,97
HD501,97
HD501,99
HD501,91
HD501,89
HD501,97
HD501,99
HD501,90
HD501,99
HD501,90
HD501,88
HD501,94
HD501,95
HD501,90
HD501,88
HD501,94
HD501,87
HD501,99
HD501,95
HD501,95
HD501,91
HD502,95
HD502,91
HD502,89
HD502,97
HD502,99
HD502,91
HD502,89
HD502,97
HD502,99
HD502,97
HD502,99
HD502,91
HD502,89
HD502,97
HD502,99
HD502,90
HD502,99
HD502,90
HD502,88
HD502,94
HD502,95
HD502,90
HD502,88
HD502,94
HD502,87
HD502,95
HD502,91
HD502,89
HD502,97
HD502,99
HD502,91
HD502,89
HD502,97
HD502,99
HD502,97
HD502,99
HD502,91
HD502,89
HD502,97
HD502,99
HD502,90
HD502,99
HD502,90
HD502,88
HD502,94
HD502,95
HD502,90
HD502,88
HD502,94
HD502,87
HD502,95
HD502,91
HD502,89
HD502,97
HD502,99
HD502,91
HD502,89
HD502,97
HD502,99
HD502,97
HD502,99
HD502,91
HD502,89
HD502,97
HD502,99
HD502,90
HD502,99
HD502,90
HD502,88
HD502,94
HD502,95
HD502,90
HD502,88
HD502,94
HD502,87
HD502,95
HD502,91
HD502,89
HD502,97
HD502,99
HD502,91
HD502,89
HD502,97
HD502,99
HD502,97
HD502,99
HD502,91
HD502,89
HD502,97
HD502,99
HD502,90
HD502,99
HD502,90
HD502,88
HD502,94
HD502,95
HD502,90
HD502,88
HD502,94
HD502,87
HD502,95
HD502,91
HD502,89
HD502,97
HD502,99
HD502,91
HD502,89
HD502,97
HD502,99
HD502,97
HD502,99
HD502,91
HD502,89
HD502,97
HD502,99
HD502,90
HD502,99
HD502,90
HD502,88
HD502,94
HD502,95
HD502,90
HD502,88
HD502,94
HD502,87
HD502,95
HD502,91
HD502,89
HD502,97
HD502,99
HD502,91
HD502,89
HD502,97
HD502,99
HD502,97
HD502,99
HD502,91
HD502,89
HD502,97
HD502,99
HD502,90
HD502,99
HD502,90
HD502,88
HD502,94
HD502,95
HD502,90
HD502,88
HD502,94
HD502,87
HD502,95
HD502,91
HD502,89
HD502,97
HD502,99
HD502,91
HD502,89
HD502,97
HD502,99
HD502,97
HD502,99
HD502,91
HD502,89
HD502,97
HD502,99
HD502,90
HD502,99
HD502,90
HD502,88
HD502,94
HD502,95
HD502,90
HD502,88
HD502,94
HD502,87
HD502,95
HD502,91
HD502,89
HD502,97
HD502,99
HD502,91
HD502,89
HD502,97
HD502,99
HD502,97
HD502,99
HD502,91
HD502,89
HD502,97
HD502,99
HD502,90
HD502,99
HD502,90
HD502,88
HD502,94
HD502,95
HD502,90
HD502,88
HD502,94
HD502,87
HD502,95
HD502,91
HD502,89
HD502,97
HD502,99
HD502,91
HD502,89
HD502,97
HD502,99
HD502,97
HD502,99
HD502,91
HD502,89
HD502,97
HD502,99
HD502,90
HD502,99
HD502,90
HD502,88
HD502,94
HD502,95
HD502,90
HD502,88
HD502,94
HD502,87
HD502,95
HD502,91
HD502,89
HD502,97
HD502,99
HD502,91
HD502,89
HD502,97
HD502,99
HD502,97
HD502,99
HD502,91
HD502,89
HD502,97
HD502,99
HD502,90
HD502,99
HD502,90
HD502,88
HD502,94
HD502,95
HD502,90
HD502,88
HD502,94
HD502,87
HD502,95
HD502,91
HD502,89
HD502,97
HD502,99
HD502,91
HD502,89
HD502,97
HD502,99
HD502,97
HD502,99
HD502,91
HD502,89
HD502,97
HD502,99
HD502,90
HD502,99
HD502,90
HD502,88
HD502,94
HD502,95
HD502,90
HD502,88
HD502,94
HD502,87
HD502,95
HD502,91
HD502,89
HD502,97
HD502,99
HD502,91
HD502,89
HD502,97
HD502,99
HD502,97
HD502,99
HD502,91
HD502,89
HD502,97
HD502,99
HD502,90
HD502,99
HD502,90
HD502,88
HD502,94
HD502,95
HD502,90
HD502,88
HD502,94
HD502,87
HD502,95
HD502,91
HD502,89
HD502,97
HD502,99
HD502,91
HD502,89
HD502,97
HD502,99
HD502,97
HD502,99
HD502,91
HD502,89
HD502,97
HD502,99
HD502,90
HD502,99
HD502,90
HD502,88
HD502,94
HD502,95
HD502,90
HD502,88
HD502,94
HD502,87
HD502,95
HD502,91
HD502,89
HD502,97
HD502,99
HD502,91
HD502,89
HD502,97
HD502,99
HD502,97
HD502,99
HD502,91
HD502,89
HD502,97
HD502,99
HD502,90
HD502,99
HD502,90
HD502,88
HD502,94
HD502,95
HD502,90
HD502,88
HD502,94
HD502,87